target,text,ASTA_pred
1,it's not too far from Milford which has a lot of stores a big mall,False
1,Just woke up. Under solo and bar solo was really good last night,True
0,You're still not following me and my feelings are hurt.,False
1,I'm still sipping wines with Archie and Howard,True
1,tonight i paint...screenprint and plan. the working night begins here!,True
0,"still awake, with one hour left before getting up to go to work. I can foresee already a long and miserable day ahead of me.",False
1,i got my necklace and eyeko lip balm from asos today happy bunny,True
0,Probably need your brolly Ian we have rain to the south of us heading up this way,True
1,"the day after.... I`m not sick but a little tierd...a bit to much to drink, but I had fun!",True
1,yaeah i heard the news..just check the website..mau sihh..tapi kudu nabung btw kmrn ikut video:wrk surabaya,False
1,?currently playing OL games y8.com,False
0,No Devils Lake for us tomorrow Our basement flooded. Gotta do 300 loads of laundry everything else before leaving for 5 days on Sunda,True
0,My heart is crying while you're sleeping,False
0,A Sad moment,False
0,I can't believe you left the BBM family. What about yahoo chat?,True
0,"I was going to get my hair chopped off, but the hairdresser woman is off on Tuesday! Bugger",False
1,need all the prayers i can get,True
0,Well you have my sympathies.Recently I had a failed root wound up in the ER-would not stop hemmoraging,False
0,I was happy as hell when the Bulls picked him up.....just to see him get released 10 days later,False
1,Watchin9 PCD.. yeeeaaaayyyyy,True
1,4 more days to go. it's a looong holiday you have,True
0,wifey is sick ..prolly will go to church solo today.,False
0,yesyesyesyesyesyesyes. i completely agree. but he needs to bring back the curls... i miss them,True
1,"alright. Well my new diet is going good so far. So, I think I'll beat you to a 6 pack. I should weigh myself soon.",True
1,Went to the grocery; good thing since I hadn't been for three weeks!,True
0,yep i will be there like 6pm wit my (non Rob fan sis) which means i wont be there long blah,True
1,Enjoying the peace and quiet before my children wake up for school,True
0,hoping someone will follow my hopeless little blog,False
1,Happy Bday!!!,True
0,asks for your confirmation..,True
0,ugh he disappeared...,False
1,watching incrediable hulk,False
1,she's 2 my niece love her like she was my own baby girl,True
1,you into hex at all? 6d 61 79 62 65 20 69 27 6d 20 61 20 72 6f 62 6f 74,1
1,yyyooouuu know it...its fun Umm why do you change your Twitter name every two days and where the hell are you???,False
1,gotta go hunt woth kachiri now buh bye,True
0,Sitting on the couch. ill,False
1,"#followfriday She's very beautiful and she shares her cupcakes, what more could a girl ask for?",True
0,UNHOLY!VERSE STORIES AGAIN* I'M SAD THAT WAY,False
1,Awake. Last night was great! And the weekend isn't over yet!,True
0,"only now are all the mosquito bites from friday showing up and jesus, they are EVERYWHERE. so itchy my body is just miserable right now.",False
1,Yeah i know,True
0,"meu teitpic nao chegou... but you can dance, you can jive",True
0,"yes i know, he my main trapper cuz of that. im tight i cant play, it hurts to play",False
1,hahaha of course!,True
0,I miss you. I really do.,True
0,not awake enough to pun this early!! fell asleep in living room with curtains open - the dawn chorus was my alarm,False
1,you can reply buy either typing in or by clicking on the reply arrow when you put your mouse over the message,1
1,"Doing a few bicycle crunches, or 'did' rather, before I tweeted this. -Love em' they rock!i?",True
1,loving the idea of 3 weeks in Austrailia and a few days in Tokyo on tour with my hubby and boys let's see if work will go for it...,True
0,"Glamorgan, Chester or Canterbury(broadstairs) Deadline for universities is tomorrow....where do i go!",False
0,omg wat a stupid bitch how dare she make rachel cry ily rach,False
0,Ugh it's a Monday; I miss him; but I love him even more; I pray he realizes;,True
1,": campers, campers. Go to the multipurpose hall, quoting uncle leslie.",True
1,More people are joining twitter. What.. a relief. haha,True
1,Would it be futile then to try and make brain heart work together and agree on something?,False
1,Juss woke up wit a crazie hanqovaa ---* Eatinq Breakfast ; Happy Mother's Day Btw,True
0,Could you answer this: what's going to happen to +44 since Blink is back? I like +44 will cry if it's finished.,False
0,Me too! I'll go and get it the day I can afford the data plan,False
0,work tomorrow,True
0,Something about the Stanley Cup finals....but seeing Billy Guerin...I'm happy for him but it's sad at the same time,False
0,wants to go back to charleston,True
1,its recommending interesting tweops u know..... #followfriday.....,True
1,Mornin' Anne!,True
1,age is nothing but a number and love knows no boudaries!,True
0,I'm feeling really lost and unsure about everything lately and I really don't like it,False
1,"It was a beautiful day today, I love me some vitamin D baby. My mid-term went ok I think so that's good",True
1,just got back from a walk along the ocean... beautiful day today. Hockey is ONE HOUR!!!,True
0,Sad Monday,False
0,He won't run 10 miles. We will look for a 5 mi out back he will go as far as he can. He has not run very much lately.,False
1,"A woman in the bathroom just asked me, You were in Id See It If..., weren't you? My first recognition from the video series",True
1,Sing It Loud rules,False
0,my aunt has been in the hospital for like 2 or 3 days now,True
0,has got got another long day at work bring on monday,True
0,Im already burning up. I think my 10 hour day is gonna suck,False
0,"Why does Tweetdeck hate me? I did the update like it wanted! What more can I do for you, Tweetdeck?!",False
1,Trying to keep my twitter followers to a minimum... so if your not gonna interact with me then don't follow me,False
1,Finished inFamous being good along the way. Great music when the credits role. Now to replay the game being as evil as possible!,True
1,We can have our own mini-session in Chicago #SHRM09,True
0,"LOL ! Mel still sleepin ?? poor baby Bunka just went to bed, and i think i am going too",False
0,how are ya? nice to see you guys doin shows again almost all over the world now BUT i missed you guys this year either LB ROX,True
0,Bought another scrapbook for the 2nd generation of hamsty. I'm also going broke soon.,False
1,god assignments are stressful ! but its finished now lol and im off to bedd,False
0,Another busy day college need more sleep i ahve an extra 45 mins as it is lolz i want me bed!!! xxx,True
1,Thanks! I'm SO excited. We've been best friends since elementary. I'm hoping I make it thru the song LOL I'm SO happy for her,True
0,Is too busy for twitter,False
1,"*squeee* Is this for real? Hey, - look!! --&gt;",True
0,Lee can't bloody sleep again again again!!!!!,False
1,decided to twitter more often!!,False
0,I'm going to miss the game! I'll try to follow from my phone.,True
1,Pleasure ! Always happy to see people happy !,True
0,So sorry about your cat,False
1,Smile!...it's Monday,True
1,me too i will argue with you tomorrow kid,False
0,"Tough choices: Pay my phone bill, or go to New York, unfortunately they are both the same price",False
1,watching greys anatomy and just about to take blueberry muffins out of the oven mmm yummy finished geoggers study notes yay!!,True
0,OOC: I'm sorry to hear that.,False
1,going to georgia today,True
0,Beasted the workout at Club LA Fitness but now I hurt too bad to get out of the car. Somebody help me.,False
0,korea was awesome i miss it!,True
1,not all but i'm hoping to find him tomorrow haha.,True
0,I wanna new phone,True
1,"no worries, you do it whenever you want.. just playin ya this morning xoxoxoxoxo",True
1,just got a 15% off card for anthropologie for my birthday month! woo hooo,True
1,to the corner store? Or to one in another country? I'm looking forward to when I can go to Beijing to have a drink.,True
1,I've got my resources Ask the pirate or the guy the news stand they might know,True
1,- Yeah! i luv u Joe,True
0,"Why did I spend all of today listening to 80s and 90s pop ballads? I don't know, but I'm onto Bonnie Tyler and loving it. But now, bed.",True
1,I'm so excited for Boston!! after Boston i go to Vermont...so il be everywhere this week!! haha,True
0,"didn't get tattooed today cause I was working gonna hook up the lan cord and play left 4 dead with sharyn, brett and trinda",False
0,"I definitely need some sunshine, these clouds make me",True
0,is off to see but is not playing,False
0,lol. i'm excited that the mac version is dropping the same time as the pc version. usually it comes out 5 months later.,True
1,congrats on your award,True
0,"can't sleep ,leaving in 7 dayzz hurricane waring for my summer destination",False
1,"what else is a Cabin Boy to do, but to pour the wine and Twitter about it!",False
0,fuck yea! back to the OG nuggs! much better smokie-smoke. I'm sick and I want to sleep after this. I guess no starbucks afterall..,True
1,"Lord knows where he got the boxes that big mind. Unless he had really tiny rhythm section. Rumour has it, he had a tiny pianist",False
0,Such a tragedy.. I hv to go office frm tomorrow n today i fell ill..,False
1,"me too!!!!!!! im like doing everthing my mum says! ;) hahaha, mcfly time im on a high",True
1,Weeds season 5 on June 8th!,False
0,Omg. I can feel his heart breaking. .......i am way too into this right now. Lol,True
1,"I rather like Eminems music, I think this song is rather good I enjoy it.",True
0,I feel terrible I'll buy you a new one x,False
0,I met so many wonderful ppl.Im gonna miss my little Faith so badly!I hoper she never forgets me.I eill make sure 2 visit as soon as I can,True
1,Thanks for your support on my road to 1000,True
1,Helloo,True
0,yeah they are saying they are going to show him on Mental and its not nice all saying how dare them all saying,False
0,Kindles can only render pictures in grayscale there goes my plan of having all of The Maxx on it,False
0,TWITTER IS STILL FUCKING DEAD!,False
1,"I'm all packed up and headed out East--next stop, Russia!",False
0,im sorry (ur bf right?),False
1,readin' &lt;3,True
1,gosh!! nice arm! ur buff!! hahaha,True
1,Me and mark rode bikes around sports authority.haha.then went back to kmart to jack cards and pudding!!!,True
0,my sister was a pregnant teen...he forgot to pull out,True
0,"is continuing the trend yet again, and was up at 730.",True
1,Tails are only good if you are a code monkey,True
0,24 hours left to cuddle with my man,True
1,Its 1:43 by my clock yeyey,True
1,How about you? Oldest or youngest in the class at school?,True
0,love me!,True
0,wish I had photoshop,True
1,im going to the mall,True
0,I'm off to work,False
1,suppose i better go get ready going shopping,True
1,Will be in Austin tomorrow,True
1,in the process of dying my hair,False
1,working on my slides a bit,True
0,Well I'm used to CST but right now I'm on PST so it feels like there are extra hours in my day LOL,True
1,Just passed my drivers test! I'm happy,True
1,miss you!!,True
1,I think is The parent trap High school musical!!,False
1,"Okay, I'm going to studya| it's early too!! I usually start at like ! hahah",True
0,"Just two more days ;D My head hurts. I'm so scared, because of tomorrow.",False
1,i like unread emails.,True
0,i really wish i could buy a VIP ticket for concert but it's too much money,False
1,go ask your cell provider.. they should know what to do..,True
1,"So I've been up all day lol. Doing well if I do say so! got a new hair do guys, got my old style back, Love it!! How u guys been2day?",True
0,was frigin awesome---I got my sisters hooked on you guys--im soo sad-,True
0,dilated pupil... i can't see well,False
1,"Ah well you enjoyed it while it lasted...I'm sorry you're not going to Spain hun, we'll make your UK Bday special xxx",True
1,happy bday munyillll,True
0,The burning on my body.... self conflicing.... the burning.... do you know how it feels 2 b on fire??? U laugh go ahead.it's no joke,False
1,says I tried to call wonder where she is,False
1,totally agree to early for me to be a human being,True
0,"Thanks. It never really hurts anymore, it's just healing but I took off my cast and it's throbbing.",True
0,couldnt even finish that vid lol,True
1,You should twitpic so I can see,True
1,like on the cute scale.,True
1,"Yeah, it's awesome indeedy",True
0,Wazup with North Korea? Troubles me that it seems like they want to start WWIII,False
0,drivin around tryin to find a place to eat at,True
0,On my way back from an awesome ass asian party with hilarious guys and numerous beautiful girls but i think the girls were all taken,True
1,Thanks!,True
1,I got bored in Britain? I've been traveling since March :] Every week (or 2 depending on the fun) it's some place new.,False
0,Dude i'm SO bored. I can't fall asleep eitherr! i gotta get up at 8 ! *bellaaaaa*,False
0,yup Twitter needs to figure this spam shit out but it will never end,False
1,just cant get enough of this song. I feel soo gooood,True
1,Chatting with Lauraaa and Alishaaa,True
0,ur taller then me...EVERYONE IS!!,True
1,only meagre progress of work on the new album: The Beautiful Damned. Our producer is in Berlin. Meanwhile we have written 2 new songs:,False
1,enjoying the sunshine,True
1,LOL!! Awesome! Just saw it (via thanx man,True
1,Thank you all so much for the follow friday shout outs Love U all. Now Let ME,True
1,I'm saving that one,True
0,im feelin sum type ah way about that! -_- i wanted red lobsterssssss for lunch.. u dont wana kno what i recieved instead,False
0,Trying to retrieve the last few issues form my MAC after it melted down on me,False
0,Stock take tomorrow,True
0,DAMMIT! Now everyone has one but me!,False
0,Having a panic attack - going to sleep - working 11:00 to 8:00 today. Night all,False
1,Ur major is interesting I like it I would have done it if it was offered in my school but its not =(,True
1,"With Selena,Miley,and the Jonas Brothers! Video shoot! wat an amazing day..",True
0,Yeurgh! Never drink juice after brushing your teeth,False
1,LOL! Glad you like it!,True
0,"awh, i'm so sorry for your loss. take care.",False
0,I'm currently trying to locate all my Sims 1 games haha. Cause apparently there's alot of bugs in Sims 3 and I don't own Sims 2,True
1,"Thirteen days, clothing optional.",False
0,I just wish I'd left the console on standby now that I've queued them from PC so they'd be downloaded by time I'm home. Doh!,True
0,Opps.... slept tooo long,False
1,Ha! I lost three since yesterday.,False
1,we shall twit twat all night,False
0,I figured out that it would be five years since I've joined TV.com..... and this is the longest I've ever been away,True
1,"Oh honey, I'm soooo proud!!! You would've thought I'd be the sober one of the situation???",True
1,sorry i had to kill the virtual sleep over last night i was wiicked tired...love youuu,False
0,I wish I had a better camera!,True
1,- I love how you're all showing some leg! You do have beautiful legs. And faces xxx,True
1,what a day my animal print feature wall is done... wasn't sure when I started it but think it will pass,True
0,"driving through, sadly. can not stop. ten miles outside of ashville, atm. follow me back to chicago!",False
0,seriously it kills me.,False
1,actually the world will end at so the movie must come out before then,True
0,holys**t drop by 1 46. seoibiza.com,False
1,Thanks Chad - I appreciate it.,True
1,oh that blue. that sky blue colour haha. yeah its good for a change now tho,True
0,sick of it,False
0,Hey I thought you should know your husband came by and switched cars with you today. Sorry I forgot to tell you.,False
0,"That's Hollywood alright, I thought it added something special. And yes we have to see Sir Yorn at some point! Miss hu",True
1,At Offerdahl's outside with Laura,False
0,Has decided to take si kecik but she can't be in d house as momot n kiki is extremely unhappy in sharing love and attention,True
1,Visited your nice website; I learned a lot. Thanks for the follow-have a great weekend good luck on the move.,True
0,TWITTER FUCKIN MAKES ME MAD I DONT GET IT PLEASE HELP ME,False
1,good morning twitter tweet tweet,True
1,wonka Nerds candy mmmmmmmmmm YUMMY,True
0,lol yes. But I couldn't get the scene I wanted a small enough file to make into an LJ icon,True
0,woke up and felt that the world is against her. i miss my baby tho . he haven't called.,True
1,"Okay, time to go. Have a great time at #TUM for those that are going!! Everyone else...you're awesome and I'm glad you're my tweep",True
0,- Yes I dooo. It wasn't very nice though,False
1,it's ready next week!!,True
1,":O the mystery continues!!!! I am definetly coming to school tomorrow, I need this mystery SOLVED.",True
1,had an AMAZING time at grad nite at Disneyland 11pm - 6am. Got to spend time with my friends I hadnt seen in almost a year!,True
0,why yes there is....sorry if you have swine flu,False
1,"Any whale that can talk a band of birds into lightening the load and navigate choppy waters, has to have some good qualities.",True
1,"the cookie is in the mail I have the soundtrack on my ipod, its one of my favorites",True
0,I miss especially because she's enjoying tequila without being at lizzie's,True
1,if you can't find it at ScareCrow you won't find it anywhere Looks like you will need to make a visit to Seattle,False
0,"Is in Toronto, alone",False
1,i got of my world back. finally,True
1,I heard that,False
1,"Thank you! That sounds not only easy, but nice and refreshing thanks!",True
1,going to church then shopping,True
0,tired as hell.. gotta be up in 7 hours for work,False
1,I was going to say...don't think there's any wifi,False
0,"That is SO cool! I so wanted to see that with nathan Lane and Matthew Broderick,but i never got there. Damn",True
0,im scared i may not be on dance team after my spring semester grades are seen,False
0,"saturday night, wants to be out! so bummed she cant go to p!ink",False
0,"Me too. Shame it do all things, but I think that has more to do with the device",False
1,damn wuzup stranger i see you dnt do me nomore lol ???,False
1,interesting trick - I must figure out how I did that...good night,True
0,"rain,rain go away!!! its pouring",False
0,"How you can win one of hi # BSB, and I donA't? What is the secret?",True
0,rubbing eyes finally going to bed. All of these hours and no additional pay,False
0,Haha! Can never be excited about school.,False
1,"ah, yes, the Dexter addiction. the ensuing discussions of the metaphor of a repressed serial killer...all good fun.",True
1,I was but its being gay so not anymore. I found 3OH!3's slow song! Its good,True
1,You could always 'Keep it in a closet' Sorry Perhaps you should have sold the wardrobe :-D,False
0,It's cloudy in Tokyo. I don't like this weather.,False
1,franck war gestern bei zz top,False
0,"I see *distant* lightening towards or past downtown Pullman, but not a sound.",False
0,Locked out of my house,False
1,It was on purpose!! Just to keep you intrigued!!!,True
1,"Have a blast, mama!!",True
0,Deleting someone from my life once and for all. Oh the pain!,False
0,- I'm so mad that u drinkin wit out me..,False
1,thanks - noted.,True
1,"getting me months muddled. Sure, let's do 10 July!",False
1,thats funny... but shouldnt the priests face be :-l not,False
1,Bout to watch SNL w Green Day,True
0,you didn't take me with you?,False
0,Man. I wish last night's Tonight Show wa son Hulu already I wants to see it!,True
0,"that was horrible, little 2 year old boy outside my house got hit by a car...",False
0,Lost 10PM bdw ... opposite nation somehow gained 10+ kills without killing anyone. I was watching party list closely.,False
1,"hehe, you're welcome",True
0,"after a Laura Mercier Eye serum and I got 2 samples of it and i want it sooooo bad, but its $80.00!! I can't justify that",False
1,"Hey selena, I just wanted to tell you that I'll be coming to the PPP premiere on Thursday ! Can't wait to see you !",True
1,i will now,True
0,woooow....interesting night....very interesting lol...no phone peeps,True
1,I like all of em but I like Dear Maria lotssss.,True
1,so Ausiello let it out about the slap and seduce from Liv in the finale..care to elaborate?,True
1,Kewl! And same as Sugar Ray Leonard's and Bob Saget's,True
1,MARIAAAAAA,True
1,you do know how to spoil yourself!,False
1,"Show was amazing, i like shows like that, and is always right, i gotta take her advice more-",True
1,eating lunch then going to get my heels for permotion with tara and my mommy!,True
0,NOOO but I know how to make my own ethernet cables at any length...,False
0,oh you poor thing time for some ice cream...,False
0,Work,True
1,please don't cut color ur beautiful long hair myopinion.,False
1,"hehe - thanks! Gonna be working lunch all week, so I hope it stays warm enough outside to feel some inside",True
0,I am missing my baby tonight!!!,False
1,why thank you,True
0,whoops! I was woman enough to verify before yall took that hike! A real woman admits when she's wrong,False
1,Just reached my Cellgroup leader's house and he is surprised that I'm dry. Haha. -,True
1,"oh, that's frightening... I haven't seen that in a long time. my husband is in there too - he's my cameraman.",False
0,Homework,True
1,finished setting up my new toy,True
1,"in the sun, on msn, twittering, and listening to chart show radio oneeee. ideal sunday afternoon me thinks",True
1,"haha, thanks!",True
0,I seem to remember a way to ask for a reconsideration but they usually tell you sorry nope. google is selfish with PR,False
0,Mmmm tiramisu. I wish i was at the beach i can haz college?,True
1,Just finished emailed the long-awaited drawing for the medical project. I hope it'll go through.,True
1,this movie is amazin,True
0,ended up transitioning to V8 instead of QScriptEngine for the backend for performance in April. I miss QScriptEngine.,False
1,wow good luck!!! tonight im going to my friends house for a party then tomorrow goin out in white plains,True
1,Thanks!,True
1,"Haha, yea! Take some time off and relax and play the greatest game ever!! You did alot, you deserve it!",True
1,has had a lovely lovely day,True
0,Mac grill in is closing down tom,True
1,Kiran thanks for the ff,True
1,november is still long time ahead ya fufufufu,True
0,Next time sleepover at Teun! his cat is cute! Reminds me of LALA Grey,True
0,"OMG!! I wish I could go to Dubai and see the Palm Jumeriah! Ahh that's my dream that's never going to come true oh well, life goes on....",True
0,P-a-c-k. p-a-c-k-i-n-g. i'm packing yeah yeah i'm packing,True
1,Battle of the sexes.Clumps.Cat mouse. dearly loved and missed best friends. Best. Day. Ever. and its not even over yet awesome,True
1,"SO TIRED!!! NEED SLEEP, OFF TO BED FOR ME NOW!!! NIGHT NIGHT FELLOW TWITTERS",False
0,Just watched Marley and Me...Now I'm bawling and holding my 10 year old chihuahua!,False
0,I hate getting starbucks from workers I don't know. My iced coffee is never made with love by them.,False
0,i want more twitter friens maybe if i add miley cyrus i'll gain 1000000 new followers hahhahahahahaha,True
0,My podcasts in iTunes can never be empty,True
1,oooo yeah all we need now is a kevin,True
1,sounds like it was a good time by all,True
0,I hate doctors appointments,False
0,Working someone come give me breakfast?,True
0,At Valeries Housee bored my mother made me commmeeee grr.,False
1,lol I don't remember seeing hasselhoff at the css classes last week!,False
0,thats shit. Why the hell are tickets so expensive. Great. Now i can't go. Totally ridiculas price!,False
1,"is in the room these two sleepy hoes! lmao! But oh well, i'm getting drunk and ready to go out to the club!! yay me! =-P",True
1,"mmm pink stands out, and makes mre people ill that way haha #chrisflu",True
0,- Almost stepped on this cutie this morning,True
0,"Shattered, can't breath, all snotty and fluy. Staying in bed. No concert and no aftershow party for me tonight.",False
0,aww i feel so bad for Holly,False
1,didn't really answer thoughts on for #ff's or ur thoughts on introducing urself to new followers - but thx,True
0,Jon and Kate I loved them together!!!,True
0,i miss gossip girl......ex oh ex oh...no more no more,False
1,"COOL people huh, well you introduced me to engadget - the COOL people say your device sucks",False
0,"OMG Everybody they mama in Miami...I need 2 go out! But, I cant",True
0,Poor Selena and Taylor Forced to hide their relationship...,False
0,landed in DC and collected bags. Vacation is way over,False
1,Thanks for protecting me from,True
1,I am SOO stoked to hang out with hundreds hundreds of kids on early Sunday mornings at Mars Hill. Its a very good thing I drink coffee,True
0,I agree ... no one can say what she was or was not gonna be She def would have been hated on too,False
0,#iremember having one of these and nvr figured out how to use it !,False
0,I do not have a USA iTunes account,False
0,so you didnt tell me that!,False
0,damn that ish with the air france flight is horrible....,False
0,I've met another Ricardo i no wat i must do...headache.,False
1,Had a crazy day at work..... Now I can relax at home....,True
1,i have a bday thing saturday that starts at 4pm! i'm sure we'll find a way and time and place let me know as things shape up,True
1,eeep! sexy people on the movie awards,True
1,Live Tweets Aik Din k sath thanks to #Twitter,True
0,thats horrible!,False
1,Taylor Launtler you can marry me too,True
1,hi mikey! how are u? we want more practice cam xo,True
0,Work till 10:00pm. I wish you were right now so I'd have something to look forward to when I get out tonight,True
1,"Ahh yeah, so it's true then. OH WELL, we've waited this long we can wait some more!! Thanks",True
1,if you've got a sort throat you probably need something that smells like cough syrup: Jager or Pelinkovac,True
1,Working like every week lol!! Beside the bad sleep how is the mouth? XX,False
1,"super busy, but fun weekend ahead...lots of parties tomorrow...not to mention the gym getting some sun",True
0,I'd never seen that! I'm still missing a bunch because I can't get all the characters together as easy as you acn in DW5:E,False
0,Thunder woke me up! Sniff sniff.,False
1,"off to the land of pillows and blankets... mm, and the fan up on high... and did I mention the blankets? my favorite time ever.",True
1,ngetes update status,True
1,Got my tickets! See you in Chicago!,True
0,cassidy said i disgust her lol hurt my feelings,False
1,my office used to be wifi unfriendly. Now it has changed.,False
0,but my download thing dosnt show up atall?! not even on a right click!,False
1,Yeah...My focusrite Octopre is working again!!,True
0,Wishing that I didn't have to go to the tar pits in the morning.,True
0,listening to connect the dots,True
1,first I had to build up a multi million dollar travel business in Then it was easy,True
0,How sad. I loved Eddings' books as a kid.,True
1,glad i can help,True
1,The Pope's been known to wear red Prada shoes!! ooh fancy!!!,True
0,"crap! Forgot to turn the tv over have I totally missed them?! I have a customer in reception, wonder if I can turn it over?!",False
0,it has been raining in Chicago forever... I needed sunshine. but it is supposed to rain here again tomorrow,True
1,"oh, i used to LOVE that banana flavored milk. can't get any around here.",True
0,"Can people still vote? Cuz when ever I go on it, it won't let me do anything. #mcflyinamerica",False
0,i cant find my camera..might have left i back home.. so i gotta wait till i find it 2 upload them..,True
1,addicted to twitter! still getting the hang of somethings but its gud,True
1,send me a shout please! i'm from venezuelaaa,True
1,"For someone who is sick, you look great. Keep it up!",True
0,are you at work already? I'm afraid to show!! The water connectivity AHHH!!,False
0,I did the kind of cleaning that made the room more messy than when I began.,False
1,it was the girls a straight up hustler,True
1,oh u see me standin ova here now huh! lol! thanks mr. #unfollowdiddy,True
0,They are the only animals I *really* hate.,False
1,Twitter Wars: The New Hope Now I just have to figure out which mac app is the guard.,False
1,Got a few scrapbook pages done tonight. And a lot of organizing done today.,True
1,"im on a BOAT...got my swim trunks, and my flippy floppys..hehe night twitterlanddd",True
0,That just ruined my day...,False
0,where has my geodefense gone My ipod is just not as much fun without it.,False
1,BBQ times again. let's hope ross isn't cooking,True
0,I have officially been ordered to bed Night everyone! Thanks for the chat catch ya later today,True
1,"You, me and sexy rain. ::laughs:: Sounds good!",True
1,#cfp09 Congratulations! ((hug)),True
0,Wishes he was going to be at the star trek premier tonight,True
1,IDK if you've noticed yet cuz idk when it happened but OCK is back up,False
0,I watched an australian television program about a dolphin named 'Jock'. I could not stop crying,True
1,Ubuntu 9.04 - 3 day tot go,True
1,"*sigh* Yes, I know... I've already changed my password! Thanks for letting me know! Have a great night!",True
0,"Seven school days couldnt go faster. So tired, so done with being a stressed mess. My mind needs a damn vacation.",False
1,sitting on platform 2 waiting for train home and hoping that machine did record Robin Hood,True
1,have fun!! Shame about the work bit but at least you get to see your best friend ..that's the upside I suppose,True
0,Yay! TheCatholicSpirit uses layout techniques instead of ugly tables. But they also have Joomla and jomcomment,False
1,"You are awake, already? Now I can look forward to my daily dose of the internet crap",False
0,just got back from juanita's. sorry aidan,False
0,I forgot how stressful this job can be at times...,False
1,"You go, grandma! Now I don't feel quite as much like a dinosaur around here.",True
0,4-20 gunna be boring when your tring to stay clean.,False
1,hope it went well,True
0,Off to work in the thunder and lightning!,False
0,"Sadly, Jess goes back home tomorrow. I hope Rae is still up for going to the airport tomorrow, her plane departs at 5:55pm...",False
1,"Dear Gmail, I'm starting to get used to you, but you're still pretty weird.",False
1,Feeling excellent after working out to Bodies in Motion with Gilad.,True
1,Hello my Twitter Friends..Diva stopped by to say have a great day..I'll be back later,True
1,is loving the cherubs in night in the museum 2,True
0,I have absolutely nothing to do,False
1,I'm in new b finally!!,True
0,On the phone with the bank.,False
0,Bad day except for some cakes and dim sum,False
0,*sighs* if only u should understand that don't know how to be when u're here..,False
1,"Awe! Thanks, Stacey! I currently have my baby girl (she's 11) asleep next to me 'cause her room is too hot.",True
0,i miss getting SU shipments that big!!!,True
0,I want to know how to play the piano too,True
0,Going to work,False
0,Definitely not. I've been trying all day to change my profile pic and it won't work -ash &lt;3,False
0,I hate that I can't communicate with booo,False
1,Has landed back in the US to be greeted by Matt and his cheesy grin! AWWWW!!!! I love being back home. Have to blog later about our,True
1,"I fail at pop culture, but this is John Cusack. That's different.",False
0,ohhh bad hangover,False
0,I am officially banning godaddy.com from my comp. My head hurts from the small print AND I wasted $10 that could've happily gone to Boba,False
0,I emailed her and never heard back I'm bummed,False
1,Thanks guys,True
1,Thnk God for husbands that bring their wives coffee every morning... Happy friday ya'll,True
0,Ribery's possibly leaving is of utmost concern Bayern should do whatever it takes to keep him!,False
1,not all central coasters are bogans I'm not and I came from sydney. xx,False
0,so am I right to think that 3.0 still isn't out? If not then looks like I might have to wait til 2mora,False
0,"me too Ali, me too.",False
1,mac n cheese.. pizza.. then donating hit me up!,True
0,I lied. The second part of the video messed up.,False
1,Out to eat with 4 generations of the family,True
0,"im missing everything, i hate everyone",False
0,I wish I was going,True
1,Add us on myspace and listen to our songs!,True
0,Missing my dad my brother today,True
1,hello everyone! what's up?,True
0,"is saderer then ever atm (btw is saderer even a word? who cares, it's exactly how I'm feeling right now)",True
0,yeah if i dont eat by a certain time after waking up i get like that it sucks,False
1,"And we're back up, everyone. Beta testers, hold your horses. Work in progress.",True
0,I HAVE to C O N C E N T R A T E ....!! this exam thing is killing me...,False
1,said that was BS. I've been bragging about it FOREVER!,False
0,wonders if Pride parade will happen? Nasty weather out there and I am laid up on the couch with a bad back,False
1,yep she's wive me,True
0,im up so late...agh can't sleep,False
0,woooow,True
0,"Don't blame you, ECG. I wish the sun would stick around longer here. It's been a rainy summer.",True
1,siked for a great summer- see you the 6th,True
1,hey there thanks for noticin' you've been very kind for a while it's appreciated a lot - good company,True
1,Now I want to eat ice cream with cream,True
1,At the Grammy Museum. This place is AWESOME!,True
1,- i love this pic! gill just reminded me,True
1,I thought you might like that Getting ready to see me in a few weeks?,True
1,mowing the lawn again?,True
0,"figuring out how to get Google to work with OpenID, so you can log in to acharts.us with your Google Account.. not the easiest thing",False
1,The sun is wonderfullll,True
0,Aw. Why so lonely?,False
0,OMG !! Please don't think that ! I'm sorry !!,False
0,ahh its gonna rain all week but still I'm in new york so gonna make the best of it lol,True
0,I wish the LSs wouldve invited me,True
0,"im having some issues a friend, but the thing is, he doesn't even know it",False
1,how come all my friends' MOTs seem to be at the same time? Mines been dropped off today *fingers crossed*,False
1,I am a staveros flatley fan tho!!!,True
0,What did I ask?,False
0,has a headache,False
0,I went from the club (where I drank water) to a house party (where I'm drinking water) cuz I got fooled into being the DD bah,False
0,My knee is so fucked thanks to the drunk driver who hit me on my green light.,True
1,guaranteed to sleep well. Nighty night to you miss have a good slizzle bizzle,True
0,Sliced open my finger on the metal shower door while cleaning...I'm as clutzy as Bella. Gotta clean up blood now,True
1,- awww! that's nice! they took her for the WHOLE summer? VERY nice!,True
0,"Rosie hen, whit's happened, you've turned against me",False
1,finals were pretty easy.,True
0,Damn I wanna fuck hoopz If Flav can hit it anybody can lol,True
0,"If Eminem had more of his old videos I might actually buy some, he don't have much on itunes, maybe a few old and a few new.",False
1,"I don't know what time I'll be speaking on Friday, somewhere between 7pm-12pm. Sorry I know that doesn't help. Hope to c ya!",False
1,Trying to figure out what this Twitter lark is all about!!,False
0,damn how can I get all my followers to write me???,False
0,boarding school...boring school-whatever...sittin' in da house watchin TV with them other guys...2morrow its time 2 say goodbye,False
0,Oh. You don't know what teddies are?,False
0,Bored at work,False
0,"nothing too bad I guess, just a semi crappy performance, and then my bff and her stupid guy drama.. plus kinda sick",False
1,do yoga it'll fix your back mine hurt too and then i did it on Wii Fit and WOW it fixed it WIN! Hope work isnt being a bitch.,True
1,No I didn't vote ! I believe in One World for all ! Unify !,True
1,off to bed soon.. goodnight twitterworld,False
1,saw pstr richard wife at church today,True
1,I seriously cannot ask for more.,False
0,"just finished mine, some parts were remarkably difficult cramming kanji now!",False
1,"OMG, it's freekin awesome",True
1,At work...watching the latest Hills due to our American IP address! MTV you cannot stop me ..haha!,True
1,hey yes I had a great day! my entire weekend was good. Hope you had a great one also,True
1,yeh how did we ever live without ha,True
0,EXHAUSTED,False
